company,product_name,link_href,product_category,price
reshoevn8r,Sneaker Wipes (24),https://reshoevn8r.com/products/sneaker-cleaning-wipes-on-the-go-24-pack-bun-wipes,"Cleaner, Spot remover",69
reshoevn8r,16 Oz. Cleaning Solution,https://reshoevn8r.com/products/all-natural-sneaker-cleaning-solution-re8-16oz-bot,Cleaner,18.97
reshoevn8r,8 oz. Cleaning Solution,https://reshoevn8r.com/products/all-natural-sneaker-cleaning-solution-8oz-re8-8oz-bot,Cleaner,19.97
reshoevn8r,Sole Revive,https://reshoevn8r.com/products/shoe-oxidation-yellowing-removal-re8-sole-revive,Cleaner,84.99
reshoevn8r,Water + Stain Repellent Pump,https://reshoevn8r.com/products/sneaker-stain-repellent-potection-re8-pump-repel,"Cleaner, Spot remover, Water repellant",179.99
reshoevn8r,Water + Stain Repellent,https://reshoevn8r.com/products/water-stain-repellent-spray-shoe-protective-coating-re8-repel,"Cleaner, Spot remover, Water repellant",119.99
reshoevn8r,Water + Stain Repellent (2 Pack),https://reshoevn8r.com/products/water-stain-repellent-2-pack,"Cleaner, Spot remover, Water repellant",79.99
reshoevn8r,Dry Suede Kit,https://reshoevn8r.com/products/dry-kit,"Cleaner, Spot remover",134.99
reshoevn8r,Sneaker Laundry Detergent,https://reshoevn8r.com/products/sneaker-laundry-detergent-pods-shoe-cleaning-re8-ldry-pods,Cleaner,54.99
reshoevn8r,Replenishment Bundle,https://reshoevn8r.com/products/copy-of-clean-protect-bundle,"Cleaner, Spot remover, Water repellant",59.99
reshoevn8r,Original Shoe Cleaning Kit,https://reshoevn8r.com/products/original-shoe-cleaning-kit-solution-brush-wipes-re8-rt-fresh,Cleaner,7.99
reshoevn8r,Executive Cleaning Kit,https://reshoevn8r.com/products/executive-cleaning-kit,"Cleaner, Water repellant",16.99
reshoevn8r,Signature Bundle (Customer Favorite),https://reshoevn8r.com/products/signature-shoe-cleaning-bundle-laundry-pods-bowl-wipes-8oz-refill-mat-bun-signature,Cleaner,14.99
reshoevn8r,Clean & Protect Bundle,https://reshoevn8r.com/products/clean-protect-bundle,"Cleaner, Water repellant",8.99
reshoevn8r,Essential Kit,https://reshoevn8r.com/products/essential-shoe-cleaning-kit-solution-brushes-microfiber-re8-essntl,Cleaner,11.99
reshoevn8r,Signature Kit (Patented Laundry System),https://reshoevn8r.com/products/signature-shoe-cleaning-kit-solution-brush-bag-trees-microfiber-re8-sig-kit,Cleaner,11.99
hendlex,SHOWER CABIN AND BATH PROTECTION SET,https://hendlex.com/product/shower-cabin-and-bath-protection-set/,"Cleaner, Protectant",16.99
hendlex,CLOTHES PROTECTION,https://hendlex.com/product/clothes-protection/,Spot remover,13.99
hendlex,TEXTILE,https://hendlex.com/product/textile/,"Protectant, Spot remover",13.99
hendlex,TEXTILE PRO,https://hendlex.com/product/textile-pro/,Protectant,13.99
hendlex,SHOES PROTECT TEXTILE,https://hendlex.com/product/shoes-protect-textile/,Protectant,11.99
hendlex,SHOES PROTECT SUEDE LEATHER,https://hendlex.com/product/shoes-protect-suede-leather/,"Protectant, Spot remover",17.99
hendlex,LEATHER – SHINE EFFECT,https://hendlex.com/product/leather-shine-effect/,Protectant,10.99
hendlex,INVISIBLE WIPERS,https://hendlex.com/product/invisible-wipers/,Cleaner,15
hendlex,NC9 set,https://hendlex.com/product/nc9/,"Cleaner, Protectant",5
hendlex,FS60 set,https://hendlex.com/product/fs60/,"Cleaner, Protectant",30
hendlex,APL4 set,https://hendlex.com/product/apl4/,Cleaner,15
hendlex,PPF&VINYL set,https://hendlex.com/product/ppfvinyl/,"Cleaner, Protectant",18
hendlex,NC9 PRO set,https://hendlex.com/product/nc9-pro/,"Cleaner, Protectant",18
hendlex,M3 set,https://hendlex.com/product/m3/,"Cleaner, Protectant",25
hendlex,M3X set,https://hendlex.com/product/m3x-set/,"Cleaner, Protectant",30
rainguard,Hydro-LOK™ Liquid Repellent For Fabric,https://rainguard.com/shop/hydro-lok/,"Protectant, Water repellant",28
rainguard,Premium Paver Sealer Water Repellent Protection,https://rainguard.com/shop/premium-grade-paver-sealer/,"Cleaner, Protectant, Water repellant",32
rainguard,Premium Gloss Sealer For Wood and Masonry,https://rainguard.com/shop/glosssealer/,"Cleaner, Protectant",28
rainguard,Premium Wood Sealer,https://rainguard.com/shop/premium-grade-wood-sealer-water-repellent-protection-wood-surfaces/,"Cleaner, Protectant, Water repellant",30
hoover,16 oz. Clean Complements Scent Booster Formula for Carpet Cleaner Machines (2-Pack),https://www.homedepot.com/p/HOOVER-16-oz-Clean-Complements-Scent-Booster-Formula-for-Carpet-Cleaner-Machines-2-Pack-AH33010/314914924,Cleaner,42
hoover,"50 oz. Free and Clean Carpet Cleaner Solution, Hypoallergenic Carpet Shampoo",https://www.homedepot.com/p/HOOVER-50-oz-Free-and-Clean-Carpet-Cleaner-Solution-Hypoallergenic-Carpet-Shampoo-AH31952/317548061,"Cleaner, Spot remover",65
hoover,"16 oz. Clean Complements Pet Odor Eliminator, Scent Booster Formula for Carpet Cleaner Machines (2-Pack)",https://www.homedepot.com/p/HOOVER-16-oz-Clean-Complements-Pet-Odor-Eliminator-Scent-Booster-Formula-for-Carpet-Cleaner-Machines-2-Pack-AH33030/314926336,Cleaner,35
hoover,"116 oz. Oxy Pet Urine Eliminator Carpet Cleaner Solution, Stain and Odor Remover Carpet Shampoo",https://www.homedepot.com/p/HOOVER-116-oz-Oxy-Pet-Urine-Eliminator-Carpet-Cleaner-Solution-Stain-and-Odor-Remover-Carpet-Shampoo-AH31938/317824977,"Cleaner, Spot remover",18
hoover,64 oz. Renewal Carpet Cleaner Solution,https://www.homedepot.com/p/HOOVER-64-oz-Renewal-Carpet-Cleaner-Solution-AH31924/313541926,"Cleaner, Spot remover",25
hoover,116 oz. Oxy Carpet Cleaner Solution,https://www.homedepot.com/p/HOOVER-116-oz-Oxy-Carpet-Cleaner-Solution-AH31936/314010324,"Cleaner, Spot remover",18
hoover,22 oz. Oxy Stain Remover Carpet Cleaner Solution Pretreatment Spray,https://www.homedepot.com/p/HOOVER-22-oz-Oxy-Stain-Remover-Carpet-Cleaner-Solution-Pretreatment-Spray-AH31602/313518565,"Cleaner, Spot remover",50
hoover,128 oz. Paws and Claws Pet Carpet Cleaner Solution,https://www.homedepot.com/p/HOOVER-128-oz-Paws-and-Claws-Pet-Carpet-Cleaner-Solution-AH31933/313518720?ITC=AUC-75182-23-12140,"Cleaner, Spot remover",6.19
hoover,50 oz. Oxy Carpet Cleaner Solution,https://www.homedepot.com/p/HOOVER-50-oz-Oxy-Carpet-Cleaner-Solution-AH31950/313518024,"Cleaner, Spot remover",17.99
hoover,128 oz. Renewal Carpet Cleaner Solution,https://www.homedepot.com/p/HOOVER-128-oz-Renewal-Carpet-Cleaner-Solution-AH31932/313516656,"Cleaner, Spot remover",16.29
hoover,64 oz. Paws and Claws Pet Carpet Cleaner Solution with Stainguard,https://www.homedepot.com/p/HOOVER-64-oz-Paws-and-Claws-Pet-Carpet-Cleaner-Solution-with-Stainguard-AH31925/313518810,"Cleaner, Spot remover",13.47
healthierhomeproducts,4-In-1 Carpet Stain Cleaner (32 Oz.),https://healthierhomeproducts.com/product/4-in-1-carpet-stain-cleaner-32-oz/,Cleaner,26.94
healthierhomeproducts,Pet CleanFloors Bundle,https://healthierhomeproducts.com/product/pet-cleanfloors-bundle/,Cleaner,13.47
healthierhomeproducts,Grout Cleaner Bundle,https://healthierhomeproducts.com/product/degreaser-bundle/,"Cleaner, Protectant, Spot remover",21.81
healthierhomeproducts,World’s Best 5-In-1 Steamer Carpet Cleaner Concentrate,https://healthierhomeproducts.com/product/world-s-best-5-in-1-steamer-carpet-cleaner-concentrate/,Cleaner,21.81
healthierhomeproducts,World’s Best 5-In-1 Pet Odor Eliminator & Carpet Stain Remover,https://healthierhomeproducts.com/product/world-s-best-5-in-1-pet-odor-eliminator-carpet-stain-remover/,Spot remover,21.81
healthierhomeproducts,"World’s Best 5-In-1 Pet Odor Eliminator & Carpet Stain Remover, Concentrate, 32 oz.",https://healthierhomeproducts.com/product/worlds-best-5-in-1-pet-odor-eliminator-carpet-stain-remover-concentrate-32-oz/,Spot remover,8.48
pedagusa,Selfshine Shoe Cream,https://pedagusa.com/selfshine-shoe-cream/,Protectant,260
pedagusa,Wax Polish for High Gloss,https://pedagusa.com/wax-polish-for-high-gloss/,Protectant,91
pedagusa,Deodorant Pump Spray,https://pedagusa.com/deodorant-pump-spray/,Cleaner,226
pedagusa,Pure Cleanser - All-Purpose Eco-Friendly Cleaner,https://pedagusa.com/pure-cleanser-all-purpose-eco-friendly-cleaner/,"Cleaner, Spot remover",190
pedagusa,Nubuck Cleaning Kit,https://pedagusa.com/nubuck-cleaning-kit/,"Cleaner, Spot remover",71
pedagusa,Leather Lotion and Conditioner,https://pedagusa.com/leather-lotion-and-conditioner/,"Cleaner, Protectant",164
pedagusa,"Waterproofer Aerosol Spray, 250ml",https://pedagusa.com/waterproofer-aerosol-spray-250ml/,"Spot remover, Water repellant",352
pedagusa,Suede Cleaning and Care Kit,https://pedagusa.com/suede-cleaning-and-care-kit/,"Cleaner, Spot remover",372
pedagusa,GIFT: Shoe Polish Travel Kit,https://pedagusa.com/gift-shoe-polish-travel-kit/,Cleaner,298
pedagusa,GIFT: Clean and Dry Shoes Kit,https://pedagusa.com/gift-clean-and-dry-shoes-kit/,"Cleaner, Spot remover, Water repellant",123
hillyard,"Hillyard,  Defoamer Ii,  1 Gal Bottle",https://www.hillyard.com/hillyardb2b/en/USD/All-Products/Chemicals-%26-Dispensing/Chemicals/Carpet-Cleaners/Hillyard%2C-Defoamer-Ii/p/HIL0018306,Cleaner,312
hillyard,"Hillyard, Arsenal® Suprox® - Heavy Duty Multi-Purpose Cleaner, Arsenal® One Dispenser 2.5 Liter Bottle",https://www.hillyard.com/hillyardb2b/en/USD/All-Products/Chemicals-%26-Dispensing/Chemicals/General-Cleaners/Hillyard%2C-Arsenal%C2%AE-Suprox%C2%AE---Heavy-Duty-Multi-Purpose-Cleaner/p/HIL0083725,"Cleaner, Protectant",748
hillyard,"Hillyard, Arsenal® Citrus-Scrub® Multi-Purpose Cleaner, Arsenal® One Dispenser 2.5 Liter Bottle",https://www.hillyard.com/hillyardb2b/en/USD/All-Products/Chemicals-%26-Dispensing/Chemicals/General-Cleaners/Hillyard%2C-Arsenal%C2%AE-Citrus-Scrub%C2%AE-Multi-Purpose-Cleaner/p/HIL0082225,"Cleaner, Protectant",339
hillyard,"Hillyard, Cleaning Companion® Suprox® Multi-Purpose Cleaner,  0.5 Gal Bottle",https://www.hillyard.com/hillyardb2b/en/USD/All-Products/Chemicals-%26-Dispensing/Chemicals/General-Cleaners/Hillyard%2C-Cleaning-Companion%C2%AE-Suprox%C2%AE-Multi-Purpose-Cleaner/p/HIL0070422,"Cleaner, Protectant",224
hillyard,"Hillyard,  Clean Action® Ii Extraction Cleaner,  1 Gal Bottle",https://www.hillyard.com/hillyardb2b/en/USD/All-Products/Chemicals-%26-Dispensing/Chemicals/Carpet-Cleaners/Hillyard%2C-Clean-Action%C2%AE-Ii-Extraction-Cleaner/p/HIL0090206,Cleaner,85
hillyard,"Hillyard, Arsenal® Carpet Pre-Spray, Arsenal® One Dispenser 2.5 Liter Bottle",https://www.hillyard.com/hillyardb2b/en/USD/All-Products/Chemicals-%26-Dispensing/Chemicals/Carpet-Cleaners/Hillyard%2C-Arsenal%C2%AE-Carpet-Pre-Spray/p/HIL0081425,Cleaner,168
hillyard,"Hillyard, Arsenal® Carpet Ph Rinse, Extraction Rinse, Arsenal® One Dispenser 2.5 Liter Bottle",https://www.hillyard.com/hillyardb2b/en/USD/All-Products/Chemicals-%26-Dispensing/Chemicals/Carpet-Cleaners/Hillyard%2C-Arsenal%C2%AE-Carpet-Ph-Rinse%2C-Extraction-Rinse/p/HIL0083525,Cleaner,207
hillyard,"Hillyard,  Suprox® Concentrate Multi-Purpose Cleaner,  1 Gal Bottle",https://www.hillyard.com/hillyardb2b/en/USD/All-Products/Chemicals-%26-Dispensing/Chemicals/General-Cleaners/Hillyard%2C-Suprox%C2%AE-Concentrate-Multi-Purpose-Cleaner/p/HIL0011006,"Cleaner, Protectant",184
hillyard,"Hillyard,  Deep Action® Carpet Pre-Spray,  1 Gal Bottle",https://www.hillyard.com/hillyardb2b/en/USD/All-Products/Chemicals-%26-Dispensing/Chemicals/Carpet-Cleaners/Hillyard%2C-Deep-Action%C2%AE-Carpet-Pre-Spray/p/HIL0091806,Spot remover,115
hillyard,"Hillyard, Quick And Clean® Spray Clean Hd Multi-Purpose Cleaner,  32 Fl Oz Bottle",https://www.hillyard.com/hillyardb2b/en/USD/All-Products/Chemicals-%26-Dispensing/Chemicals/General-Cleaners/Hillyard%2C-Quick-And-Clean%C2%AE-Spray-Clean-Hd-Multi-Purpose-Cleaner/p/HIL0101804,"Cleaner, Protectant, Spot remover",139
hillyard,"Hillyard,  Hd Extraction Cleaner,  1 Gal Bottle",https://www.hillyard.com/hillyardb2b/en/USD/All-Products/Chemicals-%26-Dispensing/Chemicals/Carpet-Cleaners/Hillyard%2C-Hd-Extraction-Cleaner/p/HIL0091406,Cleaner,272
hillyard,"Hillyard, Arsenal® Clean Action® Ii Extraction Cleaner, Arsenal® One Dispenser 2.5 Liter Bottle",https://www.hillyard.com/hillyardb2b/en/USD/All-Products/Chemicals-%26-Dispensing/Chemicals/Carpet-Cleaners/Hillyard%2C-Arsenal%C2%AE-Clean-Action%C2%AE-Ii-Extraction-Cleaner/p/HIL0080725,Cleaner,149
hillyard,"Hillyard,  Citrus-Scrub® Multi-Purpose Cleaner,  1 Gal Bottle",https://www.hillyard.com/hillyardb2b/en/USD/All-Products/Chemicals-%26-Dispensing/Chemicals/General-Cleaners/Hillyard%2C-Citrus-Scrub%C2%AE-Multi-Purpose-Cleaner/p/HIL0014306,"Cleaner, Protectant",149
hillyard,"Hillyard,  Carpet Pre-Spray,  1 Gal Bottle",https://www.hillyard.com/hillyardb2b/en/USD/All-Products/Chemicals-%26-Dispensing/Chemicals/Carpet-Cleaners/Hillyard%2C-Carpet-Pre-Spray/p/HIL0096506,Cleaner,215
hillyard,"Hillyard, Quick And Clean® Glass And Plastic Cleaner,  32 Fl Oz Bottle",https://www.hillyard.com/hillyardb2b/en/USD/All-Products/Chemicals-%26-Dispensing/Chemicals/General-Cleaners/Hillyard%2C-Quick-And-Clean%C2%AE-Glass-And-Plastic-Cleaner/p/HIL0100204,"Cleaner, Protectant",148
hillyard,"Hillyard,  Liquid Gum-Go® Carpet Spotter,  32 Fl Oz Bottle",https://www.hillyard.com/hillyardb2b/en/USD/All-Products/Chemicals-%26-Dispensing/Chemicals/Carpet-Cleaners/Hillyard%2C-Liquid-Gum-Go%C2%AE-Carpet-Spotter/p/HIL0091204,Protectant,204
hillyard,"Hillyard, Cleaning Companion® Carpet Pre-Spray,  0.5 Gal Bottle",https://www.hillyard.com/hillyardb2b/en/USD/All-Products/Chemicals-%26-Dispensing/Chemicals/Carpet-Cleaners/Hillyard%2C-Cleaning-Companion%C2%AE-Carpet-Pre-Spray/p/HIL0070022,Cleaner,80
hillyard,"Hillyard,  Double Down® Carpet Spotter,  32 Fl Oz Bottle",https://www.hillyard.com/hillyardb2b/en/USD/All-Products/Chemicals-%26-Dispensing/Chemicals/Carpet-Cleaners/Hillyard%2C-Double-Down%C2%AE-Carpet-Spotter/p/HIL0093285,Cleaner,131
hillyard,"Hillyard, Quick And Clean® Gel Graffiti Remover,  15 Oz Can",https://www.hillyard.com/hillyardb2b/en/USD/All-Products/Chemicals-%26-Dispensing/Chemicals/Industrial-Cleaners/Hillyard%2C-Quick-And-Clean%C2%AE-Gel-Graffiti-Remover%2C-15-Oz-Can/p/HIL0105055,"Cleaner, Protectant, Spot remover",141
hillyard,"Hillyard,  Extraction Ph Rinse,  1 Gal Bottle",https://www.hillyard.com/hillyardb2b/en/USD/All-Products/Chemicals-%26-Dispensing/Chemicals/Carpet-Cleaners/Hillyard%2C-Extraction-Ph-Rinse/p/HIL0093006,Cleaner,199
hillyard,"Hillyard, Arsenal® Bonnet Cleaner Carpet Pre-Spray, Arsenal® One Dispenser 2.5 Liter Bottle",https://www.hillyard.com/hillyardb2b/en/USD/All-Products/Chemicals-%26-Dispensing/Chemicals/Carpet-Cleaners/Hillyard%2C-Arsenal%C2%AE-Bonnet-Cleaner-Carpet-Pre-Spray/p/HIL0081325,Cleaner,176
hillyard,"Hillyard,  Carpet Spotter,  32 Fl Oz Bottle",https://www.hillyard.com/hillyardb2b/en/USD/All-Products/Chemicals-%26-Dispensing/Chemicals/Carpet-Cleaners/Hillyard%2C-Carpet-Spotter/p/HIL0091004,Spot remover,200
hillyard,"Hillyard,  Ziz-O® Paste  Multi-Purpose Cleaner,  1 Lb Tub",https://www.hillyard.com/hillyardb2b/en/USD/All-Products/Chemicals-%26-Dispensing/Chemicals/General-Cleaners/Hillyard%2C-Ziz-O%C2%AE-Paste-Multi-Purpose-Cleaner/p/HIL00090,"Cleaner, Protectant, Spot remover",260
hillyard,"Hillyard, Arsenal® Carpet Spotter, Arsenal® One Dispenser 2.5 Liter Bottle",https://www.hillyard.com/hillyardb2b/en/USD/All-Products/Chemicals-%26-Dispensing/Chemicals/Carpet-Cleaners/Hillyard%2C-Arsenal%C2%AE-Carpet-Spotter/p/HIL0081525,Spot remover,199
hillyard,"Hillyard,  Defoamer Ii,  32 Fl Oz Bottle",https://www.hillyard.com/hillyardb2b/en/USD/All-Products/Chemicals-%26-Dispensing/Chemicals/Carpet-Cleaners/Hillyard%2C-Defoamer-Ii/p/HIL0018304,Cleaner,117
hillyard,"Hillyard,  Spray Clean Hd Multi-Purpose Cleaner,  1 Gal Bottle",https://www.hillyard.com/hillyardb2b/en/USD/All-Products/Chemicals-%26-Dispensing/Chemicals/General-Cleaners/Hillyard%2C-Spray-Clean-Hd-Multi-Purpose-Cleaner/p/HIL0011906,"Cleaner, Protectant, Spot remover",117
hillyard,"Hillyard,  Citrus-Scrub® Multi-Purpose Cleaner,  30 Gal Drum",https://www.hillyard.com/hillyardb2b/en/USD/All-Products/Chemicals-%26-Dispensing/Chemicals/General-Cleaners/Hillyard%2C-Citrus-Scrub%C2%AE-Multi-Purpose-Cleaner/p/HIL0014328,"Cleaner, Protectant",117
hillyard,"Hillyard,  Citrus-Scrub® Multi-Purpose Cleaner,  55 Gal Drum",https://www.hillyard.com/hillyardb2b/en/USD/All-Products/Chemicals-%26-Dispensing/Chemicals/General-Cleaners/Hillyard%2C-Citrus-Scrub%C2%AE-Multi-Purpose-Cleaner/p/HIL0014309,"Cleaner, Protectant",850
hillyard,"Hillyard,  Citrus-Scrub® Multi-Purpose Cleaner,  5 Gal Pail",https://www.hillyard.com/hillyardb2b/en/USD/All-Products/Chemicals-%26-Dispensing/Chemicals/General-Cleaners/Hillyard%2C-Citrus-Scrub%C2%AE-Multi-Purpose-Cleaner/p/HIL0014307,"Cleaner, Protectant",139
hillyard,"Hillyard,  Suprox® Concentrate Multi-Purpose Cleaner,  15 Gal Drum",https://www.hillyard.com/hillyardb2b/en/USD/All-Products/Chemicals-%26-Dispensing/Chemicals/General-Cleaners/Hillyard%2C-Suprox%C2%AE-Concentrate-Multi-Purpose-Cleaner/p/HIL0011015,"Cleaner, Protectant",80
hillyard,"Hillyard,  Suprox® Concentrate Multi-Purpose Cleaner,  55 Gal Drum",https://www.hillyard.com/hillyardb2b/en/USD/All-Products/Chemicals-%26-Dispensing/Chemicals/General-Cleaners/Hillyard%2C-Suprox%C2%AE-Concentrate-Multi-Purpose-Cleaner/p/HIL0011009,"Cleaner, Protectant",179
hillyard,"Hillyard,  Unscented Clean Action® Ii Extraction Cleaner,  1 Gal Bottle",https://www.hillyard.com/hillyardb2b/en/USD/All-Products/Chemicals-%26-Dispensing/Chemicals/Carpet-Cleaners/Hillyard%2C-Unscented-Clean-Action%C2%AE-Ii-Extraction-Cleaner/p/HIL0092206,Cleaner,209
hillyard,"Hillyard,  Rust Spotter Gel,  32 Fl Oz Bottle",https://www.hillyard.com/hillyardb2b/en/USD/All-Products/Chemicals-%26-Dispensing/Chemicals/Carpet-Cleaners/Hillyard%2C-Rust-Spotter-Gel/p/HIL0091104,"Protectant, Spot remover",152
hillyard,"Hillyard,  Carpet Spotter,  Kit",https://www.hillyard.com/hillyardb2b/en/USD/All-Products/Chemicals-%26-Dispensing/Chemicals/Carpet-Cleaners/Hillyard%2C-Carpet-Spotter/p/HIL0090069,Spot remover,284
hillyard,"Hillyard,  Strong Guard® Seal,  1 Gal Bottle",https://www.hillyard.com/hillyardb2b/en/USD/All-Products/Chemicals-%26-Dispensing/Chemicals/Coatings/Hillyard%2C-Strong-Guard%C2%AE-Seal/p/HIL0034506,Cleaner,256
hillyard,"Hillyard,  Clean Action® Ii Extraction Cleaner,  5 Gal Pail",https://www.hillyard.com/hillyardb2b/en/USD/All-Products/Chemicals-%26-Dispensing/Chemicals/Carpet-Cleaners/Hillyard%2C-Clean-Action%C2%AE-Ii-Extraction-Cleaner/p/HIL0090207,Cleaner,153
hillyard,"Hillyard,  Deep Action® Carpet Pre-Spray,  55 Gal Drum",https://www.hillyard.com/hillyardb2b/en/USD/All-Products/Chemicals-%26-Dispensing/Chemicals/Carpet-Cleaners/Hillyard%2C-Deep-Action%C2%AE-Carpet-Pre-Spray/p/HIL0091809,Spot remover,204
hillyard,"Hillyard,  Deep Action® Carpet Pre-Spray,  5 Gal Pail",https://www.hillyard.com/hillyardb2b/en/USD/All-Products/Chemicals-%26-Dispensing/Chemicals/Carpet-Cleaners/Hillyard%2C-Deep-Action%C2%AE-Carpet-Pre-Spray/p/HIL0091807,Spot remover,310
hillyard,"Hillyard,  Unscented Deep Action® Carpet Pre-Spray,  1 Gal Bottle",https://www.hillyard.com/hillyardb2b/en/USD/All-Products/Chemicals-%26-Dispensing/Chemicals/Carpet-Cleaners/Hillyard%2C-Unscented-Deep-Action%C2%AE-Carpet-Pre-Spray/p/HIL0092106,"Cleaner, Protectant",287
hillyard,"Hillyard,  Soft Surface Sanitizer,  1 Gal Bottle",https://www.hillyard.com/hillyardb2b/en/USD/All-Products/Chemicals-%26-Dispensing/Chemicals/Carpet-Cleaners/Hillyard%2C-Soft-Surface-Sanitizer/p/HIL0091906,Protectant,232
hillyard,"Hillyard, Arsenal® Carpet Pre-Spray, Arsenal® Jug System Dispenser 32 Fl Oz Bottle",https://www.hillyard.com/hillyardb2b/en/USD/All-Products/Chemicals-%26-Dispensing/Chemicals/Carpet-Cleaners/Hillyard%2C-Arsenal%C2%AE-Carpet-Pre-Spray/p/HIL0081404,Cleaner,19.99
hillyard,"Hillyard,  Soil-Stop®, Carpet Soil And Stain Retardant,  1 Gal Bottle",https://www.hillyard.com/hillyardb2b/en/USD/All-Products/Chemicals-%26-Dispensing/Chemicals/Carpet-Cleaners/Hillyard%2C-Soil-Stop%C2%AE%2C-Carpet-Soil-And-Stain-Retardant/p/HIL0092706,"Cleaner, Protectant, Spot remover",19.99
hillyard,"Hillyard,  Glass And Plastic Cleaner,  1 Gal Bottle",https://www.hillyard.com/hillyardb2b/en/USD/All-Products/Chemicals-%26-Dispensing/Chemicals/General-Cleaners/Hillyard%2C-Glass-And-Plastic-Cleaner/p/HIL0012106,"Cleaner, Protectant",12.46
hillyard,"Hillyard, Carpet Booster Carpet Booster Extraction Cleaner,  2 Lb Jar",https://www.hillyard.com/hillyardb2b/en/USD/All-Products/Chemicals-%26-Dispensing/Chemicals/Carpet-Cleaners/Hillyard%2C-Carpet-Booster-Carpet-Booster-Extraction-Cleaner%2C-2-Lb-Jar/p/HIL0091500,"Cleaner, Protectant, Spot remover",19.45
hillyard,"Hillyard,  Carpet Spotter,  1 Gal Bottle",https://www.hillyard.com/hillyardb2b/en/USD/All-Products/Chemicals-%26-Dispensing/Chemicals/Carpet-Cleaners/Hillyard%2C-Carpet-Spotter/p/HIL0091006,Spot remover,20
hillyard,"Hillyard,  Carpet Spotter Gel,  32 Fl Oz Bottle",https://www.hillyard.com/hillyardb2b/en/USD/All-Products/Chemicals-%26-Dispensing/Chemicals/Carpet-Cleaners/Hillyard%2C-Carpet-Spotter-Gel/p/HIL0090904,Spot remover,30.39
hillyard,"Hillyard,  Carpet Debrowner Ii Carpet Spotter,  32 Fl Oz Bottle",https://www.hillyard.com/hillyardb2b/en/USD/All-Products/Chemicals-%26-Dispensing/Chemicals/Carpet-Cleaners/Hillyard%2C-Carpet-Debrowner-Ii-Carpet-Spotter/p/HIL0090704,Spot remover,15.45
hillyard,"Hillyard, Quick And Clean® Lustre-Mist® Furniture Polish,  18 Oz Can",https://www.hillyard.com/hillyardb2b/en/USD/All-Products/Chemicals-%26-Dispensing/Chemicals/Specialty/Hillyard%2C-Quick-And-Clean%C2%AE-Lustre-Mist%C2%AE-Furniture-Polish%2C-18-Oz-Can/p/HIL0103155,"Cleaner, Protectant",11.38
hillyard,"Hillyard, Quick And Clean® Carpet Spotter,  18 Oz Can",https://www.hillyard.com/hillyardb2b/en/USD/All-Products/Chemicals-%26-Dispensing/Chemicals/Carpet-Cleaners/Hillyard%2C-Quick-And-Clean%C2%AE-Carpet-Spotter%2C-18-Oz-Can/p/HIL0102955,"Cleaner, Spot remover",22.45
hillyard,"Hillyard,  Double Down® Carpet Spotter- Starter Pack,  22 Fl Oz Bottle",https://www.hillyard.com/hillyardb2b/en/USD/All-Products/Chemicals-%26-Dispensing/Chemicals/Carpet-Cleaners/Hillyard%2C-Double-Down%C2%AE-Carpet-Spotter--Starter-Pack%2C-22-Fl-Oz-Bottle/p/HIL0104069,Cleaner,16.06
hillyard,"Hillyard,  Clean Release® Carpet Shampoo,  1 Gal Bottle",https://www.hillyard.com/hillyardb2b/en/USD/All-Products/Chemicals-%26-Dispensing/Chemicals/Carpet-Cleaners/Hillyard%2C-Clean-Release%C2%AE-Carpet-Shampoo/p/HIL0090506,Cleaner,25.93
hillyard,"Hillyard, Quick And Clean® Lustre-Mist® Furniture Polish,  32 Fl Oz Bottle",https://www.hillyard.com/hillyardb2b/en/USD/All-Products/Chemicals-%26-Dispensing/Chemicals/Specialty/Hillyard%2C-Quick-And-Clean%C2%AE-Lustre-Mist%C2%AE-Furniture-Polish/p/HIL0100404,"Cleaner, Protectant, Spot remover",9.99
hillyard,"Hillyard,  Double Down® Carpet Spotter - Refills,  22 Fl Oz Bottle",https://www.hillyard.com/hillyardb2b/en/USD/All-Products/Chemicals-%26-Dispensing/Chemicals/Carpet-Cleaners/Hillyard%2C-Double-Down%C2%AE-Carpet-Spotter---Refills%2C-22-Fl-Oz-Bottle/p/HIL0104070,Cleaner,
hillyard,"Karcher,  Vital Oxide Disinfectant,  55 Gal Drum",https://www.hillyard.com/hillyardb2b/en/USD/All-Products/Chemicals-%26-Dispensing/Chemicals/Disinfectants-%26-Sanitizers/Karcher%2C-Vital-Oxide-Disinfectant%2C-55-Gal-Drum/p/WIN86981120,"Protectant, Spot remover",
hillyard,"3M,  C. Diff Solution Tablets - Gallon Size,  100 Tablets/Bottle",https://www.hillyard.com/hillyardb2b/en/USD/All-Products/Chemicals-%26-Dispensing/Chemicals/Disinfectants-%26-Sanitizers/3M%2C-C-Diff-Solution-Tablets---Gallon-Size%2C-100-Tablets-Bottle/p/MIN7100141025,Protectant,
hillyard,"3M,  C. Diff Solution Tablets - Gallon Size,  140 Tablets/Bottle",https://www.hillyard.com/hillyardb2b/en/USD/All-Products/Chemicals-%26-Dispensing/Chemicals/Disinfectants-%26-Sanitizers/3M%2C-C-Diff-Solution-Tablets---Gallon-Size%2C-140-Tablets-Bottle/p/MIN7100141032,Protectant,
hillyard,"3M,  C. Diff Solution Tablets - Quart Size,  200 Tablets/Bottle",https://www.hillyard.com/hillyardb2b/en/USD/All-Products/Chemicals-%26-Dispensing/Chemicals/Disinfectants-%26-Sanitizers/3M%2C-C-Diff-Solution-Tablets---Quart-Size%2C-200-Tablets-Bottle/p/MIN7100141036,Protectant,
hillyard,"Hillyard, Arsenal® Suprox® Multi-Purpose Cleaner, Arsenal® One Dispenser 2.5 Liter Bottle",https://www.hillyard.com/hillyardb2b/en/USD/All-Products/Chemicals-%26-Dispensing/Chemicals/General-Cleaners/Hillyard%2C-Arsenal%C2%AE-Suprox%C2%AE-Multi-Purpose-Cleaner/p/HIL0083825,"Cleaner, Protectant",
hillyard,"Hillyard, Arsenal® Spray Clean Hd Multi-Purpose Cleaner, Arsenal® One Dispenser 2.5 Liter Bottle",https://www.hillyard.com/hillyardb2b/en/USD/All-Products/Chemicals-%26-Dispensing/Chemicals/General-Cleaners/Hillyard%2C-Arsenal%C2%AE-Spray-Clean-Hd-Multi-Purpose-Cleaner/p/HIL0182025,"Cleaner, Spot remover",
Griffin,"Rufus Styles Sneaker Cleaning Kit - Sneaker Cleaner Kit & The Best Shoe Cleaner for White Shoes, Boots, Leather, Vinyl, Canvas and More - Included Premium Shoe Brush",https://www.amazon.com/Rufus-Styles-Premium-Sneaker-Cleaner/dp/B00USC9KV0?ref_=ast_sto_dp,Cleaner,
Griffin,Griffin Fresh Kicks Water & Stain Repellent - Waterproofing Aerosol Protector Spray For Shoes (5.5 oz.),https://www.amazon.com/Fresh-Kicks-Premium-Repellent-Bottle/dp/B079JWG3HH?ref_=ast_sto_dp,"Spot remover, Water repellant",
Griffin,"Fresh Kicks Shoe Cleaner - Sneaker Cleaner for Leather, Whites, and Canvas Sneakers (8 oz.)",https://www.amazon.com/Fresh-Kicks-Premium-Sneaker-Cleaner/dp/B079K63H2N?ref_=ast_sto_dp,"Cleaner, Spot remover",
Griffin,"Griffin Fresh Kicks Shoe Cleaner Kit - Fabric Cleaner for Leather, Whites, and Canvas Sneakers - 4 oz. Bottle and Brush",https://www.amazon.com/Fresh-Kicks-Premium-Sneaker-Cleaning/dp/B079K15VPN?ref_=ast_sto_dp,"Cleaner, Spot remover",
Griffin,"Griffin Western Exotic Leather Conditioner (8 oz.) - Non-Toxic Formula for Cowboy Boots, Snakeskin, Alligator, Crocodile, Leather Apparel and More! - Made in The USA Brown",https://www.amazon.com/Griffin-Western-Exotic-Leather-Conditioner/dp/B079FC9TQR?ref_=ast_sto_dp,Cleaner,
Griffin,"Griffin Travel Shoe Shine Kit - Includes Black Shoe Polish, Brown Shoe Polish, Sponge Applicators, Shoe Shine Cloth, and Shoe Shine Brush - Made in the USA",https://www.amazon.com/Griffin-Travel-Shine-Kit-Applicators/dp/B007SI6BKK?ref_=ast_sto_dp,Cleaner,
Griffin,"GRIFFIN Mink Oil - Leather Conditioner, Leather Softener, Water Repellent (Waterproofing) and Weather Protector - Shoes, Boots, Handbags and Leather Goods (2.8 oz) - Made in USA",https://www.amazon.com/GRIFFIN-Mink-Oil-Conditioner-Repellent/dp/B003P6U2KE?ref_=ast_sto_dp,"Cleaner, Water repellant",
Griffin,"GRIFFIN Leather Wipes - Quickly Clean and Condition Shoes, Handbags, Furniture and More (1 Pack)",https://www.amazon.com/Griffin-Leather-Wipes-Furniture-Interior/dp/B076FJ1KM2?ref_=ast_sto_dp&th=1&psc=1,"Cleaner, Protectant",
Griffin,"Griffin Western Water & Stain Repellent (8 oz.) - Shoe Protector Spray to Waterproof Cowboy Boots, Shoes, Sneakers, Leather and More! - Made in the USA",https://www.amazon.com/Griffin-Western-Leather-Water-Repellent/dp/B079F12144?ref_=ast_sto_dp,"Protectant, Spot remover, Water repellant",
Griffin,"Griffin Western Leather Cleaner (8 oz.) - Non-Toxic Cleaning Formula for Cowboy Boots, Leather Apparel, Furniture, Auto Interiors and More! - Made in The USA Brown",https://www.amazon.com/Griffin-Western-Leather-Cleaner-Penetrating/dp/B079DXZJBT?ref_=ast_sto_dp,"Cleaner, Spot remover",
griotsgarage,Interior Care 22 Oz Bottle Rack Kit,https://www.griotsgarage.com/interior-care-22-oz-bottle-rack-kit/,"Cleaner, Protectant, Spot remover",
griotsgarage,Ultimate Interior Kit,https://www.griotsgarage.com/ultimate-interior-kit/,"Cleaner, Protectant, Spot remover",
griotsgarage,Enthusiast Carpet Cleaning Kit,https://www.griotsgarage.com/enthusiast-carpet-cleaning-kit/,"Cleaner, Protectant, Spot remover",
griotsgarage,Enthusiast Leather Care Kit,https://www.griotsgarage.com/enthusiast-leather-care-kit/,"Cleaner, Protectant",
griotsgarage,Enthusiast Interior Kit,https://www.griotsgarage.com/enthusiast-interior-kit/,"Cleaner, Protectant, Spot remover",
griotsgarage,Starter Leather Care Kit,https://www.griotsgarage.com/starter-leather-care-kit/,"Cleaner, Protectant",
griotsgarage,Starter Interior Kit,https://www.griotsgarage.com/starter-interior-kit/,"Cleaner, Protectant, Spot remover",
griotsgarage,"Leather 3-in-1 Wipes, 25 Count",https://www.griotsgarage.com/leather-3in1-wipes/,Cleaner,
griotsgarage,Fabric Protectant,https://www.griotsgarage.com/fabric-protectant/,"Protectant, Spot remover",
griotsgarage,Citrus All Purpose Cleaner,https://www.griotsgarage.com/citrus-all-purpose-cleaner/,"Cleaner, Protectant",
griotsgarage,"Foaming Carpet & Upholstery Cleaner, 19 Ounces",https://www.griotsgarage.com/foaming-carpet-upholstery-cleaner-19-ounces/,"Cleaner, Protectant, Spot remover",
griotsgarage,Odor Neutralizing Carpet & Upholstery Cleaner,https://www.griotsgarage.com/odor-neutralizing-carpet-upholstery-cleaner/,"Cleaner, Protectant, Spot remover",
griotsgarage,Interior Detailer,https://www.griotsgarage.com/interior-detailer/,"Cleaner, Protectant",
griotsgarage,"Leather Rejuvenator, 8 Ounces",https://www.griotsgarage.com/leather-rejuvenator-8-ounces/,Cleaner,
griotsgarage,"Odor Neutralizing Leather Cleaner, 22 Ounces",https://www.griotsgarage.com/odor-neutralizing-leather-cleaner-22-ounces/,"Cleaner, Protectant, Spot remover",
griotsgarage,Leather 3-in-1 Spray,https://www.griotsgarage.com/leather-3-in-1-spray/,Cleaner,
griotsgarage,"Leather 3-in-1, 16 Ounces",https://www.griotsgarage.com/leather-3-in-1-16-ounces/,Cleaner,
griotsgarage,Leather Care Spray,https://www.griotsgarage.com/leather-care-spray/,"Cleaner, Protectant",
griotsgarage,"Leather Care, 16 Ounces",https://www.griotsgarage.com/leather-care-16-ounces/,"Cleaner, Protectant",
griotsgarage,Interior Cleaner,https://www.griotsgarage.com/interior-cleaner/,"Cleaner, Protectant",
jasonmarkk,Repel Refill,https://jasonmarkk.com/products/jason-markk-5-4-oz-repel-refill,"Cleaner, Spot remover",
jasonmarkk,Quick Wipes - 3 Pack,https://jasonmarkk.com/products/quick-wipes-3-pack,"Cleaner, Spot remover",
jasonmarkk,Quick Wipes - 30 Pack,https://jasonmarkk.com/products/quick-wipes-30-pack-1,"Cleaner, Spot remover",
jasonmarkk,Premium Suede Cleaning Kit,https://jasonmarkk.com/products/premium-suede-cleaning-kit,Cleaner,
jasonmarkk,8 oz. Premium Deep Cleaning Solution,https://jasonmarkk.com/products/8-oz-premium-deep-cleaning-solution,Cleaner,
jasonmarkk,Ready-To-Use Foam,https://jasonmarkk.com/products/jason-markk-rtu-foam-1,Cleaner,
jasonmarkk,Travel Shoe Cleaning Kit,https://jasonmarkk.com/products/jason-markk-travel-shoe-cleaning-kit,"Cleaner, Spot remover",
jasonmarkk,Repel Bundle,https://jasonmarkk.com/products/repel-bundle,Spot remover,
jasonmarkk,8oz Premium Deep Cleaning Solution + Premium Brush Bundle,https://jasonmarkk.com/products/8-oz-premium-cleaner-premium-brush-bundle,Cleaner,
jasonmarkk,Essential + Suede Bundle,https://jasonmarkk.com/products/essential-suede-bundle,"Cleaner, Spot remover",
jasonmarkk,Ready-To-Use Foam + Premium Brush Bundle,https://jasonmarkk.com/products/ready-to-use-foam-premium-brush-bundle,Cleaner,
jasonmarkk,RTU Bundle,https://jasonmarkk.com/products/ready-to-use-bundle,Cleaner,
jasonmarkk,Premium Care Bundle,https://jasonmarkk.com/products/premium-care-bundle,"Cleaner, Spot remover",
jasonmarkk,Premium Bundle,https://jasonmarkk.com/products/premium-bundle,"Cleaner, Spot remover, Water repellant",
jasonmarkk,Care Kit,https://jasonmarkk.com/products/jason-markk-care-kit,"Cleaner, Spot remover",
jasonmarkk,Repel,https://jasonmarkk.com/products/repel,"Spot remover, Water repellant",
jasonmarkk,Hat Care Kit,https://jasonmarkk.com/products/hat-care-kit,Cleaner,
jasonmarkk,7oz Ready-To-Use Hat Cleaner,https://jasonmarkk.com/products/7oz-ready-to-use-hat-cleaner,Cleaner,
jasonmarkk,Leather Care Kit,https://jasonmarkk.com/products/leather-care-kit,Cleaner,
lysol,"Lysol Antibacterial Laundry Refresher Spray, Fabric Sanitizing and Freshening Spray, For Sanitizing and Deodorizing Clothes, Crisp Linen, 1 Count, 22 oz.",https://www.amazon.com/Lysol-Antibacterial-Sanitizing-Freshening-Deodorizing/dp/B09HR8V212?ref_=ast_sto_dp,Protectant,
lysol,"Lysol Disinfectant Spray + Fabric Disinfectant, Sanitizing and Antibacterial Spray, For Disinfecting and Deodorizing, Crisp Linen + Sundrenched Linen, 2 count (19 oz each) + 1 (15 oz)",https://www.amazon.com/Lysol-Disinfectant-Antibacterial-Disinfecting-Deodorizing/dp/B09MDRJ2BB?ref_=ast_sto_dp,Protectant,
lysol,"Lysol Disinfectant Spray + Fabric Disinfectant, Sanitizing and Antibacterial Spray, For Disinfecting and Deodorizing, Crisp Linen + Sundrenched Linen, 2 count (19 oz each) + 1 count (15 oz)",https://www.amazon.com/Lysol-Disinfectant-Antibacterial-Disinfecting-Deodorizing/dp/B09MDRQRNV?ref_=ast_sto_dp,Protectant,
lysol,"Lysol Sport Laundry Sanitizer Additive, Sanitizing Liquid for Gym Clothes and Activewear, Eliminates Odor Causing Bacteria, 90oz",https://www.amazon.com/Lysol-Sanitizer-technology-bacteria-causing-eliminator/dp/B081KLKVV5?ref_=ast_sto_dp&th=1&psc=1,Cleaner,
lysol,"Lysol Laundry Sanitizer Additive, 0% Bleach, Crisp Linen Scent, 41 oz (Pack of 2)",https://www.amazon.com/Lysol-Laundry-Sanitizer-Additive-Bleach/dp/B0719X5BMS?ref_=ast_sto_dp,Protectant,
lysol,"Lysol Laundry Sanitizer, Antibacterial Fabric Sanitizer, Crisp Linen, 90oz + Lysol Disinfectant Spray for Sanitizing and Antibacterial , Crisp Linen, 19 Fl Oz. (Pack of 2)",https://www.amazon.com/Lysol-Sanitizer-Antibacterial-Disinfectant-Sanitizing/dp/B096C3XTRB?ref_=ast_sto_dp&th=1&psc=1,Cleaner,
lysol,"Lysol Laundry Sanitizer Additive, Bacteria-Causing Laundry Odor Eliminator, 0% Bleach Laundry Sanitizer, color, , Multi 90 Fl Oz Crisp Linen",https://www.amazon.com/Lysol-Laundry-Sanitizer-Additive-Crisp/dp/B01N6BP63M?ref_=ast_sto_dp,Cleaner,
lysol,"Lysol Pet Odor Eliminator Spray, Sanitizing and Disinfecting Spray for Pet Odors, 15oz (Pack of 3)",https://www.amazon.com/Lysol-Eliminator-Spray-Sanitizing-Disinfecting/dp/B0B3CCMPYT?ref_=ast_sto_dp,"Cleaner, Protectant",
lysol,"Lysol Fabric Disinfectant Spray, Sanitizing and Antibacterial Spray, For Disinfecting and Deodorizing Soft Furnishings, Lavender Fields 15 Fl. Oz (Pack of 3)",https://www.amazon.com/Lysol-Disinfectant-Antibacterial-Disinfecting-Deodorizing/dp/B0B3CJV1FT?ref_=ast_sto_dp,Cleaner,
lysol,"Lysol Fabric Disinfectant Spray, Sanitizing and Antibacterial Spray, For Disinfecting and Deodorizing Soft Furnishings, Sundrenched Linen 15 FL. Oz (Pack of 3)",https://www.amazon.com/Lysol-Disinfectant-Antibacterial-Disinfecting-Deodorizing/dp/B0B3CB1GHQ?ref_=ast_sto_dp,Cleaner,
shop.cleanerlivingproducts,Carpet and Upholstery Stain Remover,https://shop.cleanerlivingproducts.com/carpet-and-upholstery-stain-remover-p11.aspx,Spot remover,
Forcefield,"Forcefield Unisex-Adult Waterproof and Stain Resistant Protectant Spray for Shoes, Clothes and Hats, Black, 6-Ounce Bottle",https://www.amazon.com/ForceField-Protector-Waterproof-Resistant-Protectant/dp/B01BMDWUH4/ref=sr_1_3?keywords=ForceField&qid=1691615646&sr=8-3,"Protectant, Spot remover, Water repellant",
Forcefield,Forcefield Premium Shoe Cleaner with Scrub - 6 oz.,https://www.amazon.com/ForceField-Premium-Shoe-Cleaner-Scrub/dp/B08H4SNYKC/ref=sr_1_4?keywords=ForceField&qid=1691615646&sr=8-4,"Cleaner, Protectant, Spot remover",
Forcefield,"ForceField Fabric Cleaner - Professional Strength - Deeply Penetrates Water Safe Fabric & Fibers of Upholstery, Clothing, Rugs & Carpeting 22oz",https://www.amazon.com/ForceField-Fabric-Cleaner-Remove-Protect/dp/B008EUJBM6/ref=sr_1_2?keywords=ForceField&qid=1691615646&sr=8-2,"Cleaner, Spot remover",
Forcefield,ForceField Leather Cleaner and Conditioner,https://www.amazon.com/ForceField-Leather-Cleaner-and-Conditioner/dp/B003VASNLY/ref=sr_1_24?keywords=ForceField&qid=1691615646&sr=8-24,"Cleaner, Spot remover",
Forcefield,"ForceField SoilBlaster Stain Remover for Clothes, Carpets, Upholstery & More | Powerful Spot Cleaner & Laundry Pre-Spray Removes Tough Stains, Prevents Re-Staining, No Residue, 32 Fl. Oz.",https://www.amazon.com/ForceField-SoilBlaster-Carpet-Upholstery-Cleaner/dp/B009TAU7T6/ref=sr_1_26?keywords=ForceField&qid=1691615646&sr=8-26,"Cleaner, Spot remover",
Forcefield,Professional Odor Eliminator & Stain Remover for Home - Enzyme Cleaner For Cat And Dog Urine - Pet or Food Odor and Stain Neutralizer - Enzymatic Pee Spray Cleaner - ForceField SpotBlaster 32oz,https://www.amazon.com/ForceField-SpotBlaster-Urine-Eliminator-Carpeting/dp/B003VAWVOY/ref=sr_1_51?keywords=ForceField&qid=1691615646&sr=8-51,"Cleaner, Protectant, Spot remover",
Spray n Wash,Spray n Wash Max - Trigger 22oz,https://www.target.com/p/spray-39-n-wash-max-trigger-22oz/-/A-52934015#lnk=sametab,Spot remover,
Spray n Wash,Spray n Wash Pre-Treat Laundry Stain Remover Spray - 22 fl oz,https://www.target.com/p/spray-39-n-wash-pre-treat-laundry-stain-remover-spray-22-fl-oz/-/A-14062787#lnk=sametab,"Protectant, Spot remover",
Old English,16 oz. Lemon Oil Furniture Polish,https://www.homedepot.com/p/Old-English-16-oz-Lemon-Oil-Furniture-Polish-62338-75143/202519754,"Cleaner, Protectant, Spot remover",
masterblend,ZapIt Citrus Solvent,https://masterblend.net/collections/all/products/zapit-citrus-solvent,Cleaner,
masterblend,WipeOut Stain & Odor Remover,https://masterblend.net/collections/all/products/wipeout-stain-odor-remover,"Protectant, Spot remover",
masterblend,Volatile Solvent (12 QT),https://masterblend.net/collections/all/products/volatile-solvent,"Cleaner, Spot remover",
masterblend,UrineLock (4 GL),https://masterblend.net/collections/all/products/urinelock,"Cleaner, Spot remover",
masterblend,Upholstery PreSpray (4 GL),https://masterblend.net/collections/all/products/upholstery-prespray,Cleaner,
masterblend,Upholstery Pack,https://masterblend.net/collections/all/products/upholstery-bundle,Cleaner,
masterblend,Ultra TLC (4 GL),https://masterblend.net/collections/all/products/ultra-tlc,"Cleaner, Spot remover",
masterblend,Ultimate w/ UV Fabric Protector (4 GL),https://masterblend.net/collections/all/products/ultimate-w-uv-fabric-protector,"Cleaner, Protectant",
masterblend,Ultimate Fabric Protector (4 GL),https://masterblend.net/collections/all/products/ultimate-fabric-protector,"Cleaner, Protectant",
masterblend,TLC (4 GL),https://masterblend.net/collections/all/products/tlc,"Cleaner, Spot remover",
masterblend,SuperShield Premium 2:1 (4 GL),https://masterblend.net/collections/all/products/supershield-concentrate-2-1,"Cleaner, Protectant, Spot remover",
masterblend,SuperShield Concentrate 15:1 (4 GL),https://masterblend.net/collections/all/products/supershield-concentrate-15-1,"Cleaner, Protectant, Spot remover",
masterblend,Skunk Odor Control (4 GL),https://masterblend.net/collections/all/products/skunk-odor-control,"Cleaner, Protectant",
masterblend,Rug Pack,https://masterblend.net/collections/all/products/rug-bundle,"Cleaner, Protectant, Spot remover",
masterblend,ResponsibleCare Spotter (4 GL),https://masterblend.net/collections/all/products/responsiblecare-spotter,"Cleaner, Spot remover",
masterblend,Repel Wool Protector (2 PK),https://masterblend.net/collections/all/products/repel-wool-protector,Cleaner,
masterblend,RedLine PreSpray,https://masterblend.net/collections/all/products/redline-prespray,Cleaner,
masterblend,RAGE,https://masterblend.net/collections/all/products/rage,Cleaner,
masterblend,Protein Spotter,https://masterblend.net/collections/all/products/protein-spotter,Spot remover,
masterblend,POP - Poly & Olefin PreSpray (4 GL),https://masterblend.net/collections/all/products/pop-poly-olefin-prespray,Cleaner,
masterblend,P.O.G. (12 QT),https://masterblend.net/collections/all/products/p-o-g,"Cleaner, Spot remover",
masterblend,Oriental Rug Shampoo (4 GL),https://masterblend.net/collections/all/products/oriental-rug-shampoo,Cleaner,
masterblend,OneStep Powder,https://masterblend.net/collections/all/products/onestep-powder,Cleaner,
masterblend,Odor Pack,https://masterblend.net/collections/all/products/odor-bundle,"Cleaner, Protectant, Spot remover",
masterblend,MasterTech Shampoo (4 GL),https://masterblend.net/collections/all/products/mastertech-shampoo,Cleaner,
masterblend,MasterSpotter,https://masterblend.net/collections/all/products/masterspotter,"Cleaner, Protectant, Spot remover",
masterblend,MasterRinse (4 GL),https://masterblend.net/collections/all/products/masterrinse,"Cleaner, Spot remover",
masterblend,MasterClean Powder,https://masterblend.net/collections/all/products/masterclean-powder,Cleaner,
masterblend,Magic Stain & Dye Remover (2 PK),https://masterblend.net/collections/all/products/magic-stain-dye-remover,"Cleaner, Spot remover",
masterblend,Inplant Powder (50 LB),https://masterblend.net/collections/all/products/inplant-powder,Cleaner,
masterblend,Inplant Liquid (5 GL),https://masterblend.net/collections/all/products/inplant-liquid,Cleaner,
masterblend,Formula M,https://masterblend.net/collections/all/products/formula-m,Spot remover,
masterblend,Fine Fabric PreSpray Spotter (4 GL),https://masterblend.net/collections/all/products/fine-fabric-prespray,Cleaner,
masterblend,Dry Fabric Cleaner (4 GL),https://masterblend.net/collections/all/products/dry-fabric-cleaner,Cleaner,
masterblend,Deodorizer - Floral (4 GL),https://masterblend.net/collections/all/products/deodorizer-floral,"Cleaner, Protectant",
masterblend,Deodorizer - Citrus (4 GL),https://masterblend.net/collections/all/products/copy-of-deodorizer-floral,"Cleaner, Protectant",
masterblend,Deodorizer - Apple (4 GL),https://masterblend.net/collections/all/products/deodorizer-apple,"Cleaner, Protectant",
masterblend,Custom Label Spotter Program (15 CS),https://masterblend.net/collections/all/products/custom-label-spotter-program,"Cleaner, Spot remover",
masterblend,Crystal Defoamer,https://masterblend.net/collections/all/products/crystal-defoamer,Cleaner,
masterblend,CottonEase Shampoo (4 GL),https://masterblend.net/collections/all/products/cottonease-shampoo,"Cleaner, Protectant",
masterblend,Carpet Starter Red Pack,https://masterblend.net/collections/all/products/quick-start-bundle-1,"Cleaner, Protectant, Spot remover",
masterblend,Carpet Starter Blue Pack,https://masterblend.net/collections/all/products/quick-start-bundle-2,"Cleaner, Spot remover",
masterblend,At Last (4 GL),https://masterblend.net/collections/all/products/at-last,Cleaner,
masterblend,Anti-Allergen PreSpray (4 GL),https://masterblend.net/collections/all/products/aa-prespray,Cleaner,
masterblend,Anti-Allergen Pack,https://masterblend.net/collections/all/products/anti-allergen-bundle,"Cleaner, Protectant",
masterblend,Anti-Allergen Detergent Rinse (4 GL),https://masterblend.net/collections/all/products/anti-allergen-detergent-rinse,"Cleaner, Protectant",
masterblend,Anti-Allergen Deodorizer (4 GL),https://masterblend.net/collections/all/products/anti-allergen-deodorizer,Cleaner,
masterblend,Allergy Relief Treatment (4 GL),https://masterblend.net/collections/all/products/allergy-relief-treatment,Cleaner,
masterblend,Air Wash (4 GL),https://masterblend.net/collections/all/products/air-wash,"Cleaner, Protectant, Spot remover",
masterblend,Accelerator: Oxy Booster & Pet Odor/Stain Remover,https://masterblend.net/collections/all/products/accelerator,"Cleaner, Protectant, Spot remover",
Moneysworth-Best,"M&B Pro-Tex Water & Stain Shoe Protector (10.5-Ounces), white, (86100Z)",https://www.amazon.com/Moneysworth-Best-Shoe-Protector-10-5-Ounces/dp/B007Z07WOK?ref_=ast_sto_dp,Spot remover,
Moneysworth-Best,"Moneysworth & Best Suede & Nubuck Protector, 5.6-Ounce",https://www.amazon.com/Moneysworth-Best-Nubuck-Protector-5-6-Ounce/dp/B00BVZ6A0M?ref_=ast_sto_dp&th=1&psc=1,Spot remover,
Moneysworth-Best,Moneysworth and Best Professional Paste Polish,https://www.amazon.com/Moneysworth-Best-Professional-Polish-2-5-Ounces/dp/B007Z07YJ8?ref_=ast_sto_dp&th=1&psc=1,"Cleaner, Protectant",
Moneysworth-Best,Moneysworth and Best Instant Shine Sponge-Pack of 3,https://www.amazon.com/Moneysworth-Best-Instant-Sponge-Pack-Neutral/dp/B007Z07P5G?ref_=ast_sto_dp&th=1&psc=1,Cleaner,
Moneysworth-Best,Moneysworth and Best Shoe Care Self Shine Shoe Cream,https://www.amazon.com/Moneysworth-Best-Shoe-Care-2-64-Ounce/dp/B00D8VVBDI?ref_=ast_sto_dp&th=1&psc=1,Spot remover,
Moneysworth-Best,Moneysworth & Best Instant Shine Sponge (Black),https://www.amazon.com/Moneysworth-Best-Instant-Shine-Sponge/dp/B007Z07LZA?ref_=ast_sto_dp&th=1&psc=1,Cleaner,
Moneysworth-Best,Moneysworth and Best Shoe Care Quick Shine Shoe Cream,https://www.amazon.com/Moneysworth-Best-Shoe-Care-2-64-Ounce/dp/B00B66F4B2?ref_=ast_sto_dp&th=1&psc=1,Spot remover,
Moneysworth-Best,"Moneysworth & Best Shoe Care Leather Cleaner, 4-Ounce",https://www.amazon.com/Moneysworth-Best-Shoe-Care-Leather/dp/B00D8VVE1W?ref_=ast_sto_dp,Cleaner,
Moneysworth-Best,"Moneysworth & Best Leather Lotion, 250 ml",https://www.amazon.com/Moneysworth-Best-Leather-Lotion-7-Ounce/dp/B00HAZXPPK?ref_=ast_sto_dp,Cleaner,
Moneysworth-Best,"Moneysworth & Best Boot and Shoe Cleaning Kit, Shoe Cleaner Essentials with Foam, Towel, and Brush, Shoe Care Accessories",https://www.amazon.com/Moneysworth-Best-Cleaning-Essentials-Accessories/dp/B09YSXJ5N8?ref_=ast_sto_dp,"Cleaner, Protectant, Spot remover",
Moneysworth-Best,"Moneysworth & Best Suede & Nubuck Cleaner, 5.6-Ounce",https://www.amazon.com/Moneysworth-Best-Nubuck-Cleaner-5-6-Ounce/dp/B004HGRRRM?ref_=ast_sto_dp,Cleaner,
Moneysworth-Best,"Moneysworth and Best Shoe Care Salt Stain Remover, 6-Ounce",https://www.amazon.com/Moneysworth-Best-Shoe-Care-Remover/dp/B00D8VV7WS?ref_=ast_sto_dp,"Protectant, Spot remover",
Moneysworth-Best,"Moneysworth & Best Salt Stain Remover, 300G",https://www.amazon.com/Moneysworth-Best-Salt-Stain-Remover/dp/B00KOO0U2A?ref_=ast_sto_dp,Spot remover,
Moneysworth-Best,"Moneysworth & Best M&B Shoe Foam Cleaner, Large 9.2oz/260g, with Brush Cap",https://www.amazon.com/Moneysworth-Best-Shoe-Cleaner-Brush/dp/B01ICP1KEE?ref_=ast_sto_dp,"Cleaner, Spot remover",
repelwell,Apparel Protect,https://repelwell.com/products/apparel-protect,"Cleaner, Spot remover",
repelwell,Shoe and Boot Protect,https://repelwell.com/products/shoe-and-boot-protect,"Cleaner, Spot remover",
repelwell,Upholstery Protect,https://repelwell.com/products/upholstery-protect,"Cleaner, Spot remover",
Resolve,"Resolve 0-19200-83262-5 Pet High Traffic Carpet Foam, 264 oz. (Pack of 12)",https://www.amazon.com/Resolve-0-19200-83262-5-High-Traffic-Carpet/dp/B009NKTQDK?ref_=ast_sto_dp&th=1&psc=1,"Cleaner, Spot remover",
Resolve,"Resolve Professional Carpet Cleaner, 32oz Spray Bottles (Case of 12)",https://www.amazon.com/Professional-RESOLVE-97402CT-Cleaner-Bottles/dp/B0040ZORLE?ref_=ast_sto_dp&th=1&psc=1,"Cleaner, Spot remover",
Resolve,"Resolve Pet Hair Eliminator Carpet Cleaner & Vacuum booster, 18 Oz",https://www.amazon.com/Resolve-Eliminator-Cleaner-booster-Peppermint/dp/B099H15LWZ?ref_=ast_sto_dp&th=1&psc=1,Cleaner,
Resolve,"Resolve Carpet Spot & Stain Remover, 16 fl oz Bottle, Carpet Cleaner",https://www.amazon.com/Resolve-Carpet-Remover-Bottle-Cleaner/dp/B004X1MQOU?ref_=ast_sto_dp,"Cleaner, Spot remover",
Resolve,"Resolve Steam Carpet Cleaner Solution Shampoo, 3.75 Lb Bottle, 2X Concentrate, Safe for Bissell, Hoover & Rug Doctor",https://www.amazon.com/Resolve-Carpet-Cleaner-Solution-Concentrate/dp/B00AIJ1GB0?ref_=ast_sto_dp&th=1&psc=1,Cleaner,
Resolve,"Resolve Carpet And Rug Cleaner Spray Spot & Stain Remover, 22 Ounce",https://www.amazon.com/Resolve-Carpet-Remover-Bottle-Cleaner/dp/B000TDZH3S?ref_=ast_sto_dp,"Cleaner, Spot remover",
Resolve,"Resolve Pet Expert Easy Clean Carpet Cleaner Gadget Foam Spray Refill, 2 Piece Set",https://www.amazon.com/Resolve-Expert-Carpet-Cleaner-Gadget/dp/B0857XFYQJ?ref_=ast_sto_dp&th=1&psc=1,Cleaner,
Resolve,"Resolve Pet High Traffic Carpet Foam, Cleans Freshens Softens & Removes Stains, 22 Fl Oz (Pack of 4)",https://www.amazon.com/Resolve-Traffic-Freshens-Softens-Removes/dp/B0752KCQ55?ref_=ast_sto_dp,"Cleaner, Spot remover",
Resolve,"Resolve High Traffic Carpet Foam, 88 oz (4 Cans x 22 oz), Cleans Freshens Softens & Removes Stains",https://www.amazon.com/Resolve-Traffic-Freshens-Softens-Removes/dp/B0752LYGTW?ref_=ast_sto_dp&th=1&psc=1,"Cleaner, Spot remover",
Resolve,"Resolve Professional Steam Carpet Cleaner Solution Shampoo, 96oz, 2X Concentrate, Safe for Bissell, Hoover & Rug Doctor (Pack of 1)",https://www.amazon.com/Resolve-Professional-Cleaner-Solution-Concentrate/dp/B0752LZ1NN?ref_=ast_sto_dp&th=1&psc=1,"Cleaner, Spot remover",
Resolve,Resolve 22 fl oz Multi-Fabric Cleaner and Upholstery Stain Remover,https://www.amazon.com/Resolve-Multi-Fabric-Cleaner-Upholstery-Remover/dp/B0028OSLAW?ref_=ast_sto_dp&th=1&psc=1,"Cleaner, Spot remover",
Resolve,"Resolve Pet Expert Carpet Steam Cleaner Solution, 96 fl oz Bottle, 2X Concentrate",https://www.amazon.com/Resolve-Carpet-Cleaner-Solution-Concentrate/dp/B01BGYV520?ref_=ast_sto_dp&th=1&psc=1,"Cleaner, Spot remover",
Resolve,"Resolve Pet Specialist Heavy Traffic Foam, Carpet Cleaner, 22oz",https://www.amazon.com/Resolve-Specialist-Traffic-Carpet-Cleaner/dp/B09SM4G1XP?ref_=ast_sto_dp&th=1&psc=1,"Cleaner, Spot remover",
Resolve,"Resolve Ultra Pet Stain & Odor Remover Spray, 32oz",https://www.amazon.com/Resolve-Ultra-Stain-Remover-Messes/dp/B07FKKP72W?ref_=ast_sto_dp&th=1&psc=1,"Cleaner, Spot remover",
Resolve,"Resolve Pet Specialist Carpet Cleaner, Stain Remover & Odor Eliminator trigger, Floor & Upholstery Cleaner, 32 Oz",https://www.amazon.com/Resolve-Specialist-Cleaner-eliminator-Upholstery/dp/B09VDQ5HVV?ref_=ast_sto_dp&th=1&psc=1,"Cleaner, Protectant, Spot remover",
Resolve,"Resolve Urine Destroyer Spray Stain & Odor Remover, Transparent, 32 Fl Oz",https://www.amazon.com/Resolve-Urine-Destroyer-Spray-Remover/dp/B07FK2M4XG?ref_=ast_sto_dp&th=1&psc=1,"Cleaner, Spot remover",
Resolve,"Resolve Professional Strength Spot and Stain Carpet Cleaner, Red, 32 Fl Oz (Pack of 1)",https://www.amazon.com/Resolve-Professional-Strength-Carpet-Cleaner/dp/B0061V7S5W?ref_=ast_sto_dp&th=1&psc=1,"Cleaner, Spot remover",
Resolve,"Resolve Urine Destroyer Pet Urine Stain and Odor Remover Spray, 32oz, 2 Count",https://www.amazon.com/Resolve-Urine-Destroyer-Stain-Remover/dp/B0BG1HVHV1?ref_=ast_sto_dp&th=1&psc=1,"Protectant, Spot remover",
Resolve,"Resolve Pet Specialist Heavy Traffic Foam, Carpet Cleaner, 2 pack of 22oz",https://www.amazon.com/Resolve-Specialist-Traffic-Carpet-Cleaner/dp/B09TGCQVX6?ref_=ast_sto_dp&th=1&psc=1,"Cleaner, Spot remover",
Resolve,"Resolve Pet Specialist Carpet Cleaner, Stain Remover and Odor eliminator trigger and refill, Floor and Upholstery Cleaner, 92 fl oz (32fl oz trigger and 60 fl oz refill bottle)",https://www.amazon.com/Resolve-Specialist-Cleaner-eliminator-Upholstery/dp/B09Y6612FZ?ref_=ast_sto_dp&th=1&psc=1,"Cleaner, Protectant, Spot remover",
Vanish,"Vanish Hunting Camo Cloth Tape, 10 Ft Roll, Mossy Oak Obsession",https://www.walmart.com/ip/Vanish-Hunting-Camo-Cloth-Tape-10-Ft-Roll-Mossy-Oak-Obsession/340737548,Protectant,
Vanish,"Vanish Fabric Stain Remover, Oxi Action Powder, 1 kg",https://www.walmart.com/ip/Vanish-Fabric-Stain-Remover-Oxi-Action-Powder-1-kg/3625059990,"Protectant, Spot remover",
Vanish,Vanish oxi Action Stain Remover Powder - 200 g,https://www.walmart.com/ip/Vanish-oxi-Action-Stain-Remover-Powder-200-g/201250960,"Cleaner, Spot remover",
Vanish,Vanish Stain Remover Bar (75g) (PACK OF 3),https://www.walmart.com/ip/Vanish-Stain-Remover-Bar-75g-PACK-OF-3/487122347,Spot remover,
Vanish,Vanish Pre Treat Stain Remover Power Gel 200ml,https://www.walmart.com/ip/Vanish-Pre-Treat-Stain-Remover-Power-Gel-200ml/2139917985,Spot remover,
Vanish,Vanish Fabric Stain Remover Pre-Wash Soap Bar 75g (Single),https://www.walmart.com/ip/Vanish-Fabric-Stain-Remover-Pre-Wash-Soap-Bar-75g-Single/886948929,Spot remover,
Vanish,Vanish Gold White Powder 470g,https://www.walmart.com/ip/Vanish-Gold-White-Powder-470g/1012165699?athbdg=L1200,"Protectant, Spot remover",
Vanish,Vanish Oxi Action Stain Remover Powder 1 Kilogram,https://www.walmart.com/ip/Vanish-Oxi-Action-Stain-Remover-Powder-1-Kilogram/939787657,Spot remover,
Vanish,Vanish Crystal White Powder 1 Kg,https://www.walmart.com/ip/Vanish-Crystal-White-Powder-1-Kg/403941151,Spot remover,
Vanish,"Vanish All in One Powder Detergent Booster - 100 g | Removes Stains, Whitens",https://www.walmart.com/ip/Vanish-All-in-One-Powder-Detergent-Booster-100-g-Removes-Stains-Whitens/1346128628,"Cleaner, Spot remover",
Woolite,"Woolite Clean & Care Pacs, Laundry Detergent Pacs, 30 Count, for Standard and HE Washers, travel laundry packets",https://www.amazon.com/Woolite-Laundry-Detergent-Standard-Washers/dp/B07KFH3YZF?ref_=ast_sto_dp,Cleaner,
Woolite,"Woolite Baby Laundry Detergent, 66 loads, Hypoallergenic Liquid, HE & Standard, Hand Wash, Packaging May Vary, 100 Oz",https://www.amazon.com/Woolite-Laundry-Detergent-Hypoallergenic-Standard/dp/B07KWLZGXL?ref_=ast_sto_dp,Cleaner,
Woolite,"Woolite Damage Defense Laundry Detergent, 33 Loads, 50 Fl Oz, Regular & HE Washers, Packaging May Vary",https://www.amazon.com/Woolite-Laundry-Detergent-Regular-Sparkling/dp/B000VPBNJQ?ref_=ast_sto_dp,"Cleaner, Spot remover",
Woolite,"Woolite Darks Defense Liquid Laundry Detergent, 33 Loads, 50 Fl Oz, Regular & HE Washers, Packaging May Vary",https://www.amazon.com/Woolite-Laundry-Detergent-Regular-Washers/dp/B00IB199HU?ref_=ast_sto_dp&th=1&psc=1,"Cleaner, Spot remover",
Woolite,"Woolite Damage Defense Liquid Laundry Detergent, 66 Loads, Regular and HE Washers, 100 Fl Oz, Packaging may vary",https://www.amazon.com/Woolite-Laundry-Detergent-Regular-Sparkling/dp/B004S66754?ref_=ast_sto_dp&fpw=alm&almBrandId=QW1hem9uIEZyZXNo&th=1&psc=1,"Cleaner, Spot remover",
Woolite,"Woolite Darks Defense Liquid Laundry Detergent, 66 Loads, 100 Fl Oz, HE & Regular Washers, Packaging May Vary",https://www.amazon.com/Woolite-Laundry-Detergent-Regular-Washers/dp/B004S6C0I2?ref_=ast_sto_dp&th=1&psc=1,"Cleaner, Spot remover",
